deal_date,large,medium,소,origin,income,가격
20230301,소,안심,1++등급,korea,15676,15676,15676
20230301,소,안심,1+등급,korea,14149,14149,14149
20230301,소,안심,1등급,korea,12350,12350,12350
20230301,소,등심,1++등급,korea,13981,13981,13981
20230301,소,등심,1+등급,korea,11185,11185,11185
20230301,소,등심,1등급,korea,9253,9253,9253
20230301,소,설도,1++등급,korea,4845,4845,4845
20230301,소,설도,1+등급,korea,4485,4485,4485
20230301,소,설도,1등급,korea,4226,4226,4226
20230301,소,양지,1++등급,korea,6747,6747,6747
20230301,소,양지,1+등급,korea,6043,6043,6043
20230301,소,양지,1등급,korea,5665,5665,5665
20230301,소,갈비,1++등급,korea,8629,8629,8629
20230301,소,갈비,1+등급,korea,7071,7071,7071
20230301,소,갈비,1등급,korea,8980,8980,8980
20230301,돼지,앞다리,앞다리,korea,1256,1256,1256
20230301,돼지,삼겹살,삼겹살,korea,2388,2388,2388
20230301,돼지,갈비,갈비,korea,1303,1303,1303
20230301,돼지,목심,목심,korea,2221,2221,2221
20230301,수입 소고기,갈비,미국산,income,3753,3753,3753
20230301,수입 소고기,갈비,호주산,income,3955,3955,3955
20230301,수입 소고기,갈비살,미국산,income,4431,4431,4431
20230301,수입 돼지고기,삼겹살,삼겹살,income,1478,1478,1478
20230301,닭,육계(kg),육계(kg),korea,5924,5924,5924
20230301,계란,특란10구,일반란,korea,3788,3788,3788
20230301,계란,특란30구,일반란,korea,6293,6293,6293
20230301,우유,흰우유,흰우유,korea,2878,2878,2878
20230302,소,안심,1++등급,korea,15675,15675,15675
20230302,소,안심,1+등급,korea,14123,14123,14123
20230302,소,안심,1등급,korea,12358,12358,12358
20230302,소,등심,1++등급,korea,13936,13936,13936
20230302,소,등심,1+등급,korea,11178,11178,11178
20230302,소,등심,1등급,korea,9251,9251,9251
20230302,소,설도,1++등급,korea,4843,4843,4843
20230302,소,설도,1+등급,korea,4483,4483,4483
20230302,소,설도,1등급,korea,4237,4237,4237
20230302,소,양지,1++등급,korea,6763,6763,6763
20230302,소,양지,1+등급,korea,6042,6042,6042
20230302,소,양지,1등급,korea,5662,5662,5662
20230302,소,갈비,1++등급,korea,8630,8630,8630
20230302,소,갈비,1+등급,korea,7083,7083,7083
20230302,소,갈비,1등급,korea,8980,8980,8980
20230302,돼지,앞다리,앞다리,korea,1255,1255,1255
20230302,돼지,삼겹살,삼겹살,korea,2386,2386,2386
20230302,돼지,갈비,갈비,korea,1302,1302,1302
20230302,돼지,목심,목심,korea,2221,2221,2221
20230302,수입 소고기,갈비,미국산,income,3759,3759,3759
20230302,수입 소고기,갈비,호주산,income,3979,3979,3979
20230302,수입 소고기,갈비살,미국산,income,4407,4407,4407
20230302,수입 돼지고기,삼겹살,삼겹살,income,1475,1475,1475
20230302,닭,육계(kg),육계(kg),korea,5924,5924,5924
20230302,계란,특란10구,일반란,korea,3806,3806,3806
20230302,계란,특란30구,일반란,korea,6302,6302,6302
20230302,우유,흰우유,흰우유,korea,2881,2881,2881
20230303,소,안심,1++등급,korea,14871,14871,14871
20230303,소,안심,1+등급,korea,13266,13266,13266
20230303,소,안심,1등급,korea,12194,12194,12194
20230303,소,등심,1++등급,korea,13057,13057,13057
20230303,소,등심,1+등급,korea,10656,10656,10656
20230303,소,등심,1등급,korea,9260,9260,9260
20230303,소,설도,1++등급,korea,4466,4466,4466
20230303,소,설도,1+등급,korea,4298,4298,4298
20230303,소,설도,1등급,korea,4075,4075,4075
20230303,소,양지,1++등급,korea,6653,6653,6653
20230303,소,양지,1+등급,korea,5606,5606,5606
20230303,소,양지,1등급,korea,5453,5453,5453
20230303,소,갈비,1++등급,korea,8670,8670,8670
20230303,소,갈비,1+등급,korea,7077,7077,7077
20230303,소,갈비,1등급,korea,8980,8980,8980
20230303,돼지,앞다리,앞다리,korea,1277,1277,1277
20230303,돼지,삼겹살,삼겹살,korea,2014,2014,2014
20230303,돼지,갈비,갈비,korea,1336,1336,1336
20230303,돼지,목심,목심,korea,1826,1826,1826
20230303,수입 소고기,갈비,미국산,income,3443,3443,3443
20230303,수입 소고기,갈비,호주산,income,4172,4172,4172
20230303,수입 소고기,갈비살,미국산,income,4397,4397,4397
20230303,수입 돼지고기,삼겹살,삼겹살,income,1477,1477,1477
20230303,닭,육계(kg),육계(kg),korea,5924,5924,5924
20230303,계란,특란10구,일반란,korea,3806,3806,3806
20230303,계란,특란30구,일반란,korea,6293,6293,6293
20230303,우유,흰우유,흰우유,korea,2879,2879,2879
20230304,소,안심,1++등급,korea,14856,14856,14856
20230304,소,안심,1+등급,korea,13247,13247,13247
20230304,소,안심,1등급,korea,12166,12166,12166
20230304,소,등심,1++등급,korea,13034,13034,13034
20230304,소,등심,1+등급,korea,10641,10641,10641
20230304,소,등심,1등급,korea,9252,9252,9252
20230304,소,설도,1++등급,korea,4466,4466,4466
20230304,소,설도,1+등급,korea,4293,4293,4293
20230304,소,설도,1등급,korea,4075,4075,4075
20230304,소,양지,1++등급,korea,6646,6646,6646
20230304,소,양지,1+등급,korea,5595,5595,5595
20230304,소,양지,1등급,korea,5446,5446,5446
20230304,소,갈비,1++등급,korea,8695,8695,8695
20230304,소,갈비,1+등급,korea,7092,7092,7092
20230304,소,갈비,1등급,korea,8980,8980,8980
20230304,돼지,앞다리,앞다리,korea,1277,1277,1277
20230304,돼지,삼겹살,삼겹살,korea,2017,2017,2017
20230304,돼지,갈비,갈비,korea,1338,1338,1338
20230304,돼지,목심,목심,korea,1827,1827,1827
20230304,수입 소고기,갈비,미국산,income,3445,3445,3445
20230304,수입 소고기,갈비,호주산,income,4172,4172,4172
20230304,수입 소고기,갈비살,미국산,income,4397,4397,4397
20230304,수입 돼지고기,삼겹살,삼겹살,income,1471,1471,1471
20230304,닭,육계(kg),육계(kg),korea,5911,5911,5911
20230304,계란,특란10구,일반란,korea,3806,3806,3806
20230304,계란,특란30구,일반란,korea,6293,6293,6293
20230304,우유,흰우유,흰우유,korea,2879,2879,2879
20230305,소,안심,1++등급,korea,14864,14864,14864
20230305,소,안심,1+등급,korea,13254,13254,13254
20230305,소,안심,1등급,korea,12167,12167,12167
20230305,소,등심,1++등급,korea,13048,13048,13048
20230305,소,등심,1+등급,korea,10645,10645,10645
20230305,소,등심,1등급,korea,9252,9252,9252
20230305,소,설도,1++등급,korea,4466,4466,4466
20230305,소,설도,1+등급,korea,4286,4286,4286
20230305,소,설도,1등급,korea,4075,4075,4075
20230305,소,양지,1++등급,korea,6645,6645,6645
20230305,소,양지,1+등급,korea,5596,5596,5596
20230305,소,양지,1등급,korea,5447,5447,5447
20230305,소,갈비,1++등급,korea,8695,8695,8695
20230305,소,갈비,1+등급,korea,7092,7092,7092
20230305,소,갈비,1등급,korea,8980,8980,8980
20230305,돼지,앞다리,앞다리,korea,1277,1277,1277
20230305,돼지,삼겹살,삼겹살,korea,2017,2017,2017
20230305,돼지,갈비,갈비,korea,1337,1337,1337
20230305,돼지,목심,목심,korea,1828,1828,1828
20230305,수입 소고기,갈비,미국산,income,3445,3445,3445
20230305,수입 소고기,갈비,호주산,income,4172,4172,4172
20230305,수입 소고기,갈비살,미국산,income,4397,4397,4397
20230305,수입 돼지고기,삼겹살,삼겹살,income,1473,1473,1473
20230305,닭,육계(kg),육계(kg),korea,5911,5911,5911
20230305,계란,특란10구,일반란,korea,3806,3806,3806
20230305,계란,특란30구,일반란,korea,6293,6293,6293
20230305,우유,흰우유,흰우유,korea,2879,2879,2879
20230306,소,안심,1++등급,korea,14848,14848,14848
20230306,소,안심,1+등급,korea,13250,13250,13250
20230306,소,안심,1등급,korea,12153,12153,12153
20230306,소,등심,1++등급,korea,13049,13049,13049
20230306,소,등심,1+등급,korea,10646,10646,10646
20230306,소,등심,1등급,korea,9243,9243,9243
20230306,소,설도,1++등급,korea,4461,4461,4461
20230306,소,설도,1+등급,korea,4281,4281,4281
20230306,소,설도,1등급,korea,4077,4077,4077
20230306,소,양지,1++등급,korea,6649,6649,6649
20230306,소,양지,1+등급,korea,5594,5594,5594
20230306,소,양지,1등급,korea,5453,5453,5453
20230306,소,갈비,1++등급,korea,8681,8681,8681
20230306,소,갈비,1+등급,korea,7121,7121,7121
20230306,소,갈비,1등급,korea,8980,8980,8980
20230306,돼지,앞다리,앞다리,korea,1276,1276,1276
20230306,돼지,삼겹살,삼겹살,korea,2018,2018,2018
20230306,돼지,갈비,갈비,korea,1334,1334,1334
20230306,돼지,목심,목심,korea,1829,1829,1829
20230306,수입 소고기,갈비,미국산,income,3455,3455,3455
20230306,수입 소고기,갈비,호주산,income,4217,4217,4217
20230306,수입 소고기,갈비살,미국산,income,4391,4391,4391
20230306,수입 돼지고기,삼겹살,삼겹살,income,1469,1469,1469
20230306,닭,육계(kg),육계(kg),korea,5954,5954,5954
20230306,계란,특란10구,일반란,korea,3806,3806,3806
20230306,계란,특란30구,일반란,korea,6293,6293,6293
20230306,우유,흰우유,흰우유,korea,2879,2879,2879
20230307,소,안심,1++등급,korea,14833,14833,14833
20230307,소,안심,1+등급,korea,13245,13245,13245
20230307,소,안심,1등급,korea,12149,12149,12149
20230307,소,등심,1++등급,korea,13060,13060,13060
20230307,소,등심,1+등급,korea,10635,10635,10635
20230307,소,등심,1등급,korea,9243,9243,9243
20230307,소,설도,1++등급,korea,4459,4459,4459
20230307,소,설도,1+등급,korea,4284,4284,4284
20230307,소,설도,1등급,korea,4073,4073,4073
20230307,소,양지,1++등급,korea,6631,6631,6631
20230307,소,양지,1+등급,korea,5600,5600,5600
20230307,소,양지,1등급,korea,5445,5445,5445
20230307,소,갈비,1++등급,korea,8709,8709,8709
20230307,소,갈비,1+등급,korea,7121,7121,7121
20230307,소,갈비,1등급,korea,8980,8980,8980
20230307,돼지,앞다리,앞다리,korea,1276,1276,1276
20230307,돼지,삼겹살,삼겹살,korea,2017,2017,2017
20230307,돼지,갈비,갈비,korea,1334,1334,1334
20230307,돼지,목심,목심,korea,1829,1829,1829
20230307,수입 소고기,갈비,미국산,income,3456,3456,3456
20230307,수입 소고기,갈비,호주산,income,4217,4217,4217
20230307,수입 소고기,갈비살,미국산,income,4391,4391,4391
20230307,수입 돼지고기,삼겹살,삼겹살,income,1471,1471,1471
20230307,닭,육계(kg),육계(kg),korea,5954,5954,5954
20230307,계란,특란10구,일반란,korea,3806,3806,3806
20230307,계란,특란30구,일반란,korea,6310,6310,6310
20230307,우유,흰우유,흰우유,korea,2879,2879,2879
20230308,소,안심,1++등급,korea,14811,14811,14811
20230308,소,안심,1+등급,korea,13249,13249,13249
20230308,소,안심,1등급,korea,12150,12150,12150
20230308,소,등심,1++등급,korea,13057,13057,13057
20230308,소,등심,1+등급,korea,10635,10635,10635
20230308,소,등심,1등급,korea,9242,9242,9242
20230308,소,설도,1++등급,korea,4458,4458,4458
20230308,소,설도,1+등급,korea,4284,4284,4284
20230308,소,설도,1등급,korea,4067,4067,4067
20230308,소,양지,1++등급,korea,6635,6635,6635
20230308,소,양지,1+등급,korea,5592,5592,5592
20230308,소,양지,1등급,korea,5442,5442,5442
20230308,소,갈비,1++등급,korea,8626,8626,8626
20230308,소,갈비,1+등급,korea,7173,7173,7173
20230308,소,갈비,1등급,korea,6847,6847,6847
20230308,돼지,앞다리,앞다리,korea,1277,1277,1277
20230308,돼지,삼겹살,삼겹살,korea,2015,2015,2015
20230308,돼지,갈비,갈비,korea,1334,1334,1334
20230308,돼지,목심,목심,korea,1829,1829,1829
20230308,수입 소고기,갈비,미국산,income,3459,3459,3459
20230308,수입 소고기,갈비,호주산,income,4214,4214,4214
20230308,수입 소고기,갈비살,미국산,income,4391,4391,4391
20230308,수입 돼지고기,삼겹살,삼겹살,income,1476,1476,1476
20230308,닭,육계(kg),육계(kg),korea,5954,5954,5954
20230308,계란,특란10구,일반란,korea,3806,3806,3806
20230308,계란,특란30구,일반란,korea,6310,6310,6310
20230308,우유,흰우유,흰우유,korea,2879,2879,2879
20230309,소,안심,1++등급,korea,14812,14812,14812
20230309,소,안심,1+등급,korea,13248,13248,13248
20230309,소,안심,1등급,korea,12110,12110,12110
20230309,소,등심,1++등급,korea,13064,13064,13064
20230309,소,등심,1+등급,korea,10598,10598,10598
20230309,소,등심,1등급,korea,9239,9239,9239
20230309,소,설도,1++등급,korea,4447,4447,4447
20230309,소,설도,1+등급,korea,4264,4264,4264
20230309,소,설도,1등급,korea,4070,4070,4070
20230309,소,양지,1++등급,korea,6632,6632,6632
20230309,소,양지,1+등급,korea,5590,5590,5590
20230309,소,양지,1등급,korea,5427,5427,5427
20230309,소,갈비,1++등급,korea,8616,8616,8616
20230309,소,갈비,1+등급,korea,7139,7139,7139
20230309,소,갈비,1등급,korea,6841,6841,6841
20230309,돼지,앞다리,앞다리,korea,1275,1275,1275
20230309,돼지,삼겹살,삼겹살,korea,2016,2016,2016
20230309,돼지,갈비,갈비,korea,1334,1334,1334
20230309,돼지,목심,목심,korea,1825,1825,1825
20230309,수입 소고기,갈비,미국산,income,3452,3452,3452
20230309,수입 소고기,갈비,호주산,income,4214,4214,4214
20230309,수입 소고기,갈비살,미국산,income,4391,4391,4391
20230309,수입 돼지고기,삼겹살,삼겹살,income,1473,1473,1473
20230309,닭,육계(kg),육계(kg),korea,5954,5954,5954
20230309,계란,특란10구,일반란,korea,3806,3806,3806
20230309,계란,특란30구,일반란,korea,6060,6060,6060
20230309,우유,흰우유,흰우유,korea,2880,2880,2880
20230310,소,안심,1++등급,korea,14831,14831,14831
20230310,소,안심,1+등급,korea,13234,13234,13234
20230310,소,안심,1등급,korea,12150,12150,12150
20230310,소,등심,1++등급,korea,13214,13214,13214
20230310,소,등심,1+등급,korea,10584,10584,10584
20230310,소,등심,1등급,korea,9263,9263,9263
20230310,소,설도,1++등급,korea,4763,4763,4763
20230310,소,설도,1+등급,korea,4253,4253,4253
20230310,소,설도,1등급,korea,4070,4070,4070
20230310,소,양지,1++등급,korea,6356,6356,6356
20230310,소,양지,1+등급,korea,5591,5591,5591
20230310,소,양지,1등급,korea,5423,5423,5423
20230310,소,갈비,1++등급,korea,8547,8547,8547
20230310,소,갈비,1+등급,korea,7142,7142,7142
20230310,소,갈비,1등급,korea,6830,6830,6830
20230310,돼지,앞다리,앞다리,korea,1264,1264,1264
20230310,돼지,삼겹살,삼겹살,korea,2238,2238,2238
20230310,돼지,갈비,갈비,korea,1310,1310,1310
20230310,돼지,목심,목심,korea,2051,2051,2051
20230310,수입 소고기,갈비,미국산,income,3762,3762,3762
20230310,수입 소고기,갈비,호주산,income,4092,4092,4092
20230310,수입 소고기,갈비살,미국산,income,4307,4307,4307
20230310,수입 돼지고기,삼겹살,삼겹살,income,1476,1476,1476
20230310,닭,육계(kg),육계(kg),korea,5996,5996,5996
20230310,계란,특란10구,일반란,korea,3806,3806,3806
20230310,계란,특란30구,일반란,korea,6037,6037,6037
20230310,우유,흰우유,흰우유,korea,2882,2882,2882
20230311,소,안심,1++등급,korea,14795,14795,14795
20230311,소,안심,1+등급,korea,13218,13218,13218
20230311,소,안심,1등급,korea,12133,12133,12133
20230311,소,등심,1++등급,korea,13202,13202,13202
20230311,소,등심,1+등급,korea,10578,10578,10578
20230311,소,등심,1등급,korea,9253,9253,9253
20230311,소,설도,1++등급,korea,4776,4776,4776
20230311,소,설도,1+등급,korea,4248,4248,4248
20230311,소,설도,1등급,korea,4056,4056,4056
20230311,소,양지,1++등급,korea,6355,6355,6355
20230311,소,양지,1+등급,korea,5592,5592,5592
20230311,소,양지,1등급,korea,5425,5425,5425
20230311,소,갈비,1++등급,korea,8589,8589,8589
20230311,소,갈비,1+등급,korea,7147,7147,7147
20230311,소,갈비,1등급,korea,6849,6849,6849
20230311,돼지,앞다리,앞다리,korea,1265,1265,1265
20230311,돼지,삼겹살,삼겹살,korea,2238,2238,2238
20230311,돼지,갈비,갈비,korea,1310,1310,1310
20230311,돼지,목심,목심,korea,2052,2052,2052
20230311,수입 소고기,갈비,미국산,income,3762,3762,3762
20230311,수입 소고기,갈비,호주산,income,4092,4092,4092
20230311,수입 소고기,갈비살,미국산,income,4307,4307,4307
20230311,수입 돼지고기,삼겹살,삼겹살,income,1479,1479,1479
20230311,닭,육계(kg),육계(kg),korea,5996,5996,5996
20230311,계란,특란10구,일반란,korea,3806,3806,3806
20230311,계란,특란30구,일반란,korea,6028,6028,6028
20230311,우유,흰우유,흰우유,korea,2882,2882,2882
20230312,소,안심,1++등급,korea,14793,14793,14793
20230312,소,안심,1+등급,korea,13203,13203,13203
20230312,소,안심,1등급,korea,12134,12134,12134
20230312,소,등심,1++등급,korea,13206,13206,13206
20230312,소,등심,1+등급,korea,10558,10558,10558
20230312,소,등심,1등급,korea,9242,9242,9242
20230312,소,설도,1++등급,korea,4776,4776,4776
20230312,소,설도,1+등급,korea,4253,4253,4253
20230312,소,설도,1등급,korea,4061,4061,4061
20230312,소,양지,1++등급,korea,6343,6343,6343
20230312,소,양지,1+등급,korea,5584,5584,5584
20230312,소,양지,1등급,korea,5424,5424,5424
20230312,소,갈비,1++등급,korea,8624,8624,8624
20230312,소,갈비,1+등급,korea,7158,7158,7158
20230312,소,갈비,1등급,korea,6842,6842,6842
20230312,돼지,앞다리,앞다리,korea,1265,1265,1265
20230312,돼지,삼겹살,삼겹살,korea,2238,2238,2238
20230312,돼지,갈비,갈비,korea,1309,1309,1309
20230312,돼지,목심,목심,korea,2050,2050,2050
20230312,수입 소고기,갈비,미국산,income,3768,3768,3768
20230312,수입 소고기,갈비,호주산,income,4092,4092,4092
20230312,수입 소고기,갈비살,미국산,income,4313,4313,4313
20230312,수입 돼지고기,삼겹살,삼겹살,income,1467,1467,1467
20230312,닭,육계(kg),육계(kg),korea,5996,5996,5996
20230312,계란,특란10구,일반란,korea,3806,3806,3806
20230312,계란,특란30구,일반란,korea,6028,6028,6028
20230312,우유,흰우유,흰우유,korea,2882,2882,2882
20230313,소,안심,1++등급,korea,14786,14786,14786
20230313,소,안심,1+등급,korea,13206,13206,13206
20230313,소,안심,1등급,korea,12158,12158,12158
20230313,소,등심,1++등급,korea,13181,13181,13181
20230313,소,등심,1+등급,korea,10535,10535,10535
20230313,소,등심,1등급,korea,9235,9235,9235
20230313,소,설도,1++등급,korea,4764,4764,4764
20230313,소,설도,1+등급,korea,4246,4246,4246
20230313,소,설도,1등급,korea,4038,4038,4038
20230313,소,양지,1++등급,korea,6359,6359,6359
20230313,소,양지,1+등급,korea,5576,5576,5576
20230313,소,양지,1등급,korea,5413,5413,5413
20230313,소,갈비,1++등급,korea,8653,8653,8653
20230313,소,갈비,1+등급,korea,7183,7183,7183
20230313,소,갈비,1등급,korea,6849,6849,6849
20230313,돼지,앞다리,앞다리,korea,1264,1264,1264
20230313,돼지,삼겹살,삼겹살,korea,2247,2247,2247
20230313,돼지,갈비,갈비,korea,1310,1310,1310
20230313,돼지,목심,목심,korea,2055,2055,2055
20230313,수입 소고기,갈비,미국산,income,3759,3759,3759
20230313,수입 소고기,갈비,호주산,income,4069,4069,4069
20230313,수입 소고기,갈비살,미국산,income,4318,4318,4318
20230313,수입 돼지고기,삼겹살,삼겹살,income,1472,1472,1472
20230313,닭,육계(kg),육계(kg),korea,6008,6008,6008
20230313,계란,특란10구,일반란,korea,3795,3795,3795
20230313,계란,특란30구,일반란,korea,6028,6028,6028
20230313,우유,흰우유,흰우유,korea,2883,2883,2883
20230314,소,안심,1++등급,korea,14808,14808,14808
20230314,소,안심,1+등급,korea,13205,13205,13205
20230314,소,안심,1등급,korea,12156,12156,12156
20230314,소,등심,1++등급,korea,13173,13173,13173
20230314,소,등심,1+등급,korea,10530,10530,10530
20230314,소,등심,1등급,korea,9229,9229,9229
20230314,소,설도,1++등급,korea,4746,4746,4746
20230314,소,설도,1+등급,korea,4243,4243,4243
20230314,소,설도,1등급,korea,4039,4039,4039
20230314,소,양지,1++등급,korea,6347,6347,6347
20230314,소,양지,1+등급,korea,5574,5574,5574
20230314,소,양지,1등급,korea,5412,5412,5412
20230314,소,갈비,1++등급,korea,8653,8653,8653
20230314,소,갈비,1+등급,korea,7213,7213,7213
20230314,소,갈비,1등급,korea,6838,6838,6838
20230314,돼지,앞다리,앞다리,korea,1264,1264,1264
20230314,돼지,삼겹살,삼겹살,korea,2246,2246,2246
20230314,돼지,갈비,갈비,korea,1310,1310,1310
20230314,돼지,목심,목심,korea,2056,2056,2056
20230314,수입 소고기,갈비,미국산,income,3759,3759,3759
20230314,수입 소고기,갈비,호주산,income,4069,4069,4069
20230314,수입 소고기,갈비살,미국산,income,4318,4318,4318
20230314,수입 돼지고기,삼겹살,삼겹살,income,1471,1471,1471
20230314,닭,육계(kg),육계(kg),korea,6008,6008,6008
20230314,계란,특란10구,일반란,korea,3779,3779,3779
20230314,계란,특란30구,일반란,korea,6028,6028,6028
20230314,우유,흰우유,흰우유,korea,2883,2883,2883
20230315,소,안심,1++등급,korea,14836,14836,14836
20230315,소,안심,1+등급,korea,13211,13211,13211
20230315,소,안심,1등급,korea,12145,12145,12145
20230315,소,등심,1++등급,korea,13181,13181,13181
20230315,소,등심,1+등급,korea,10514,10514,10514
20230315,소,등심,1등급,korea,9243,9243,9243
20230315,소,설도,1++등급,korea,4750,4750,4750
20230315,소,설도,1+등급,korea,4240,4240,4240
20230315,소,설도,1등급,korea,4033,4033,4033
20230315,소,양지,1++등급,korea,6357,6357,6357
20230315,소,양지,1+등급,korea,5570,5570,5570
20230315,소,양지,1등급,korea,5408,5408,5408
20230315,소,갈비,1++등급,korea,8653,8653,8653
20230315,소,갈비,1+등급,korea,7213,7213,7213
20230315,소,갈비,1등급,korea,6838,6838,6838
20230315,돼지,앞다리,앞다리,korea,1261,1261,1261
20230315,돼지,삼겹살,삼겹살,korea,2244,2244,2244
20230315,돼지,갈비,갈비,korea,1308,1308,1308
20230315,돼지,목심,목심,korea,2053,2053,2053
20230315,수입 소고기,갈비,미국산,income,3759,3759,3759
20230315,수입 소고기,갈비,호주산,income,4069,4069,4069
20230315,수입 소고기,갈비살,미국산,income,4329,4329,4329
20230315,수입 돼지고기,삼겹살,삼겹살,income,1470,1470,1470
20230315,닭,육계(kg),육계(kg),korea,6023,6023,6023
20230315,계란,특란10구,일반란,korea,3779,3779,3779
20230315,계란,특란30구,일반란,korea,6028,6028,6028
20230315,우유,흰우유,흰우유,korea,2883,2883,2883
20230316,소,안심,1++등급,korea,14827,14827,14827
20230316,소,안심,1+등급,korea,13207,13207,13207
20230316,소,안심,1등급,korea,12143,12143,12143
20230316,소,등심,1++등급,korea,13181,13181,13181
20230316,소,등심,1+등급,korea,10533,10533,10533
20230316,소,등심,1등급,korea,9230,9230,9230
20230316,소,설도,1++등급,korea,4752,4752,4752
20230316,소,설도,1+등급,korea,4240,4240,4240
20230316,소,설도,1등급,korea,4033,4033,4033
20230316,소,양지,1++등급,korea,6355,6355,6355
20230316,소,양지,1+등급,korea,5569,5569,5569
20230316,소,양지,1등급,korea,5415,5415,5415
20230316,소,갈비,1++등급,korea,8660,8660,8660
20230316,소,갈비,1+등급,korea,7266,7266,7266
20230316,소,갈비,1등급,korea,6808,6808,6808
20230316,돼지,앞다리,앞다리,korea,1261,1261,1261
20230316,돼지,삼겹살,삼겹살,korea,2245,2245,2245
20230316,돼지,갈비,갈비,korea,1310,1310,1310
20230316,돼지,목심,목심,korea,2052,2052,2052
20230316,수입 소고기,갈비,미국산,income,3759,3759,3759
20230316,수입 소고기,갈비,호주산,income,4069,4069,4069
20230316,수입 소고기,갈비살,미국산,income,4329,4329,4329
20230316,수입 돼지고기,삼겹살,삼겹살,income,1470,1470,1470
20230316,닭,육계(kg),육계(kg),korea,6023,6023,6023
20230316,계란,특란10구,일반란,korea,3779,3779,3779
20230316,계란,특란30구,일반란,korea,6028,6028,6028
20230316,우유,흰우유,흰우유,korea,2883,2883,2883
20230317,소,안심,1++등급,korea,14846,14846,14846
20230317,소,안심,1+등급,korea,13198,13198,13198
20230317,소,안심,1등급,korea,12140,12140,12140
20230317,소,등심,1++등급,korea,13188,13188,13188
20230317,소,등심,1+등급,korea,10515,10515,10515
20230317,소,등심,1등급,korea,9230,9230,9230
20230317,소,설도,1++등급,korea,4763,4763,4763
20230317,소,설도,1+등급,korea,4246,4246,4246
20230317,소,설도,1등급,korea,4025,4025,4025
20230317,소,양지,1++등급,korea,6353,6353,6353
20230317,소,양지,1+등급,korea,5565,5565,5565
20230317,소,양지,1등급,korea,5414,5414,5414
20230317,소,갈비,1++등급,korea,8567,8567,8567
20230317,소,갈비,1+등급,korea,7312,7312,7312
20230317,소,갈비,1등급,korea,6803,6803,6803
20230317,돼지,앞다리,앞다리,korea,1261,1261,1261
20230317,돼지,삼겹살,삼겹살,korea,2247,2247,2247
20230317,돼지,갈비,갈비,korea,1307,1307,1307
20230317,돼지,목심,목심,korea,2049,2049,2049
20230317,수입 소고기,갈비,미국산,income,3753,3753,3753
20230317,수입 소고기,갈비,호주산,income,4069,4069,4069
20230317,수입 소고기,갈비살,미국산,income,4329,4329,4329
20230317,수입 돼지고기,삼겹살,삼겹살,income,1469,1469,1469
20230317,닭,육계(kg),육계(kg),korea,6031,6031,6031
20230317,계란,특란10구,일반란,korea,3739,3739,3739
20230317,계란,특란30구,일반란,korea,6028,6028,6028
20230317,우유,흰우유,흰우유,korea,2883,2883,2883
20230318,소,안심,1++등급,korea,14833,14833,14833
20230318,소,안심,1+등급,korea,13182,13182,13182
20230318,소,안심,1등급,korea,12118,12118,12118
20230318,소,등심,1++등급,korea,13186,13186,13186
20230318,소,등심,1+등급,korea,10520,10520,10520
20230318,소,등심,1등급,korea,9230,9230,9230
20230318,소,설도,1++등급,korea,4763,4763,4763
20230318,소,설도,1+등급,korea,4225,4225,4225
20230318,소,설도,1등급,korea,4025,4025,4025
20230318,소,양지,1++등급,korea,6360,6360,6360
20230318,소,양지,1+등급,korea,5563,5563,5563
20230318,소,양지,1등급,korea,5414,5414,5414
20230318,소,갈비,1++등급,korea,8625,8625,8625
20230318,소,갈비,1+등급,korea,7304,7304,7304
20230318,소,갈비,1등급,korea,6821,6821,6821
20230318,돼지,앞다리,앞다리,korea,1261,1261,1261
20230318,돼지,삼겹살,삼겹살,korea,2249,2249,2249
20230318,돼지,갈비,갈비,korea,1305,1305,1305
20230318,돼지,목심,목심,korea,2051,2051,2051
20230318,수입 소고기,갈비,미국산,income,3753,3753,3753
20230318,수입 소고기,갈비,호주산,income,4069,4069,4069
20230318,수입 소고기,갈비살,미국산,income,4329,4329,4329
20230318,수입 돼지고기,삼겹살,삼겹살,income,1471,1471,1471
20230318,닭,육계(kg),육계(kg),korea,6030,6030,6030
20230318,계란,특란10구,일반란,korea,3720,3720,3720
20230318,계란,특란30구,일반란,korea,6028,6028,6028
20230318,우유,흰우유,흰우유,korea,2883,2883,2883
20230319,소,안심,1++등급,korea,14837,14837,14837
20230319,소,안심,1+등급,korea,13190,13190,13190
20230319,소,안심,1등급,korea,12114,12114,12114
20230319,소,등심,1++등급,korea,13189,13189,13189
20230319,소,등심,1+등급,korea,10493,10493,10493
20230319,소,등심,1등급,korea,9230,9230,9230
20230319,소,설도,1++등급,korea,4763,4763,4763
20230319,소,설도,1+등급,korea,4224,4224,4224
20230319,소,설도,1등급,korea,4029,4029,4029
20230319,소,양지,1++등급,korea,6358,6358,6358
20230319,소,양지,1+등급,korea,5563,5563,5563
20230319,소,양지,1등급,korea,5418,5418,5418
20230319,소,갈비,1++등급,korea,8560,8560,8560
20230319,소,갈비,1+등급,korea,7304,7304,7304
20230319,소,갈비,1등급,korea,6820,6820,6820
20230319,돼지,앞다리,앞다리,korea,1261,1261,1261
20230319,돼지,삼겹살,삼겹살,korea,2249,2249,2249
20230319,돼지,갈비,갈비,korea,1306,1306,1306
20230319,돼지,목심,목심,korea,2052,2052,2052
20230319,수입 소고기,갈비,미국산,income,3751,3751,3751
20230319,수입 소고기,갈비,호주산,income,4069,4069,4069
20230319,수입 소고기,갈비살,미국산,income,4326,4326,4326
20230319,수입 돼지고기,삼겹살,삼겹살,income,1468,1468,1468
20230319,닭,육계(kg),육계(kg),korea,6030,6030,6030
20230319,계란,특란10구,일반란,korea,3720,3720,3720
20230319,계란,특란30구,일반란,korea,6028,6028,6028
20230319,우유,흰우유,흰우유,korea,2883,2883,2883
20230320,소,안심,1++등급,korea,14064,14064,14064
20230320,소,안심,1+등급,korea,13180,13180,13180
20230320,소,안심,1등급,korea,12051,12051,12051
20230320,소,등심,1++등급,korea,12104,12104,12104
20230320,소,등심,1+등급,korea,10484,10484,10484
20230320,소,등심,1등급,korea,9193,9193,9193
20230320,소,설도,1++등급,korea,4493,4493,4493
20230320,소,설도,1+등급,korea,4215,4215,4215
20230320,소,설도,1등급,korea,4048,4048,4048
20230320,소,양지,1++등급,korea,6118,6118,6118
20230320,소,양지,1+등급,korea,5568,5568,5568
20230320,소,양지,1등급,korea,5412,5412,5412
20230320,소,갈비,1++등급,korea,8563,8563,8563
20230320,소,갈비,1+등급,korea,7283,7283,7283
20230320,소,갈비,1등급,korea,6795,6795,6795
20230320,돼지,앞다리,앞다리,korea,1261,1261,1261
20230320,돼지,삼겹살,삼겹살,korea,2222,2222,2222
20230320,돼지,갈비,갈비,korea,1306,1306,1306
20230320,돼지,목심,목심,korea,2023,2023,2023
20230320,수입 소고기,갈비,미국산,income,3750,3750,3750
20230320,수입 소고기,갈비,호주산,income,3968,3968,3968
20230320,수입 소고기,갈비살,미국산,income,4418,4418,4418
20230320,수입 돼지고기,삼겹살,삼겹살,income,1464,1464,1464
20230320,닭,육계(kg),육계(kg),korea,6060,6060,6060
20230320,계란,특란10구,일반란,korea,3718,3718,3718
20230320,계란,특란30구,일반란,korea,6251,6251,6251
20230320,우유,흰우유,흰우유,korea,2884,2884,2884
20230321,소,안심,1++등급,korea,14060,14060,14060
20230321,소,안심,1+등급,korea,13166,13166,13166
20230321,소,안심,1등급,korea,12032,12032,12032
20230321,소,등심,1++등급,korea,12120,12120,12120
20230321,소,등심,1+등급,korea,10486,10486,10486
20230321,소,등심,1등급,korea,9206,9206,9206
20230321,소,설도,1++등급,korea,4512,4512,4512
20230321,소,설도,1+등급,korea,4217,4217,4217
20230321,소,설도,1등급,korea,4043,4043,4043
20230321,소,양지,1++등급,korea,6118,6118,6118
20230321,소,양지,1+등급,korea,5565,5565,5565
20230321,소,양지,1등급,korea,5422,5422,5422
20230321,소,갈비,1++등급,korea,8680,8680,8680
20230321,소,갈비,1+등급,korea,7248,7248,7248
20230321,소,갈비,1등급,korea,6776,6776,6776
20230321,돼지,앞다리,앞다리,korea,1262,1262,1262
20230321,돼지,삼겹살,삼겹살,korea,2225,2225,2225
20230321,돼지,갈비,갈비,korea,1307,1307,1307
20230321,돼지,목심,목심,korea,2025,2025,2025
20230321,수입 소고기,갈비,미국산,income,3750,3750,3750
20230321,수입 소고기,갈비,호주산,income,3968,3968,3968
20230321,수입 소고기,갈비살,미국산,income,4444,4444,4444
20230321,수입 돼지고기,삼겹살,삼겹살,income,1467,1467,1467
20230321,닭,육계(kg),육계(kg),korea,6068,6068,6068
20230321,계란,특란10구,일반란,korea,3718,3718,3718
20230321,계란,특란30구,일반란,korea,6251,6251,6251
20230321,우유,흰우유,흰우유,korea,2884,2884,2884
20230322,소,안심,1++등급,korea,14061,14061,14061
20230322,소,안심,1+등급,korea,13116,13116,13116
20230322,소,안심,1등급,korea,12014,12014,12014
20230322,소,등심,1++등급,korea,12106,12106,12106
20230322,소,등심,1+등급,korea,10478,10478,10478
20230322,소,등심,1등급,korea,9196,9196,9196
20230322,소,설도,1++등급,korea,4504,4504,4504
20230322,소,설도,1+등급,korea,4223,4223,4223
20230322,소,설도,1등급,korea,4036,4036,4036
20230322,소,양지,1++등급,korea,6119,6119,6119
20230322,소,양지,1+등급,korea,5555,5555,5555
20230322,소,양지,1등급,korea,5408,5408,5408
20230322,소,갈비,1++등급,korea,8653,8653,8653
20230322,소,갈비,1+등급,korea,7246,7246,7246
20230322,소,갈비,1등급,korea,6765,6765,6765
20230322,돼지,앞다리,앞다리,korea,1260,1260,1260
20230322,돼지,삼겹살,삼겹살,korea,2224,2224,2224
20230322,돼지,갈비,갈비,korea,1309,1309,1309
20230322,돼지,목심,목심,korea,2023,2023,2023
20230322,수입 소고기,갈비,미국산,income,3749,3749,3749
20230322,수입 소고기,갈비,호주산,income,3970,3970,3970
20230322,수입 소고기,갈비살,미국산,income,4455,4455,4455
20230322,수입 돼지고기,삼겹살,삼겹살,income,1471,1471,1471
20230322,닭,육계(kg),육계(kg),korea,6069,6069,6069
20230322,계란,특란10구,일반란,korea,3718,3718,3718
20230322,계란,특란30구,일반란,korea,6294,6294,6294
20230322,우유,흰우유,흰우유,korea,2883,2883,2883
20230323,소,안심,1++등급,korea,14061,14061,14061
20230323,소,안심,1+등급,korea,13113,13113,13113
20230323,소,안심,1등급,korea,12012,12012,12012
20230323,소,등심,1++등급,korea,12087,12087,12087
20230323,소,등심,1+등급,korea,10476,10476,10476
20230323,소,등심,1등급,korea,9191,9191,9191
20230323,소,설도,1++등급,korea,4504,4504,4504
20230323,소,설도,1+등급,korea,4224,4224,4224
20230323,소,설도,1등급,korea,4036,4036,4036
20230323,소,양지,1++등급,korea,6110,6110,6110
20230323,소,양지,1+등급,korea,5549,5549,5549
20230323,소,양지,1등급,korea,5408,5408,5408
20230323,소,갈비,1++등급,korea,8656,8656,8656
20230323,소,갈비,1+등급,korea,7270,7270,7270
20230323,소,갈비,1등급,korea,6765,6765,6765
20230323,돼지,앞다리,앞다리,korea,1258,1258,1258
20230323,돼지,삼겹살,삼겹살,korea,2223,2223,2223
20230323,돼지,갈비,갈비,korea,1308,1308,1308
20230323,돼지,목심,목심,korea,2025,2025,2025
20230323,수입 소고기,갈비,미국산,income,3749,3749,3749
20230323,수입 소고기,갈비,호주산,income,3970,3970,3970
20230323,수입 소고기,갈비살,미국산,income,4455,4455,4455
20230323,수입 돼지고기,삼겹살,삼겹살,income,1466,1466,1466
20230323,닭,육계(kg),육계(kg),korea,6052,6052,6052
20230323,계란,특란10구,일반란,korea,3718,3718,3718
20230323,계란,특란30구,일반란,korea,6294,6294,6294
20230323,우유,흰우유,흰우유,korea,2883,2883,2883
20230324,소,안심,1++등급,korea,14043,14043,14043
20230324,소,안심,1+등급,korea,13093,13093,13093
20230324,소,안심,1등급,korea,12010,12010,12010
20230324,소,등심,1++등급,korea,12056,12056,12056
20230324,소,등심,1+등급,korea,10466,10466,10466
20230324,소,등심,1등급,korea,9172,9172,9172
20230324,소,설도,1++등급,korea,4505,4505,4505
20230324,소,설도,1+등급,korea,4220,4220,4220
20230324,소,설도,1등급,korea,4036,4036,4036
20230324,소,양지,1++등급,korea,6110,6110,6110
20230324,소,양지,1+등급,korea,5556,5556,5556
20230324,소,양지,1등급,korea,5410,5410,5410
20230324,소,갈비,1++등급,korea,8798,8798,8798
20230324,소,갈비,1+등급,korea,7316,7316,7316
20230324,소,갈비,1등급,korea,6778,6778,6778
20230324,돼지,앞다리,앞다리,korea,1259,1259,1259
20230324,돼지,삼겹살,삼겹살,korea,2222,2222,2222
20230324,돼지,갈비,갈비,korea,1309,1309,1309
20230324,돼지,목심,목심,korea,2026,2026,2026
20230324,수입 소고기,갈비,미국산,income,3763,3763,3763
20230324,수입 소고기,갈비,호주산,income,3915,3915,3915
20230324,수입 소고기,갈비살,미국산,income,4455,4455,4455
20230324,수입 돼지고기,삼겹살,삼겹살,income,1467,1467,1467
20230324,닭,육계(kg),육계(kg),korea,6052,6052,6052
20230324,계란,특란10구,일반란,korea,3718,3718,3718
20230324,계란,특란30구,일반란,korea,6307,6307,6307
20230324,우유,흰우유,흰우유,korea,2885,2885,2885
20230325,소,안심,1++등급,korea,14050,14050,14050
20230325,소,안심,1+등급,korea,13090,13090,13090
20230325,소,안심,1등급,korea,12029,12029,12029
20230325,소,등심,1++등급,korea,12074,12074,12074
20230325,소,등심,1+등급,korea,10460,10460,10460
20230325,소,등심,1등급,korea,9173,9173,9173
20230325,소,설도,1++등급,korea,4505,4505,4505
20230325,소,설도,1+등급,korea,4217,4217,4217
20230325,소,설도,1등급,korea,4033,4033,4033
20230325,소,양지,1++등급,korea,6106,6106,6106
20230325,소,양지,1+등급,korea,5556,5556,5556
20230325,소,양지,1등급,korea,5401,5401,5401
20230325,소,갈비,1++등급,korea,8770,8770,8770
20230325,소,갈비,1+등급,korea,7325,7325,7325
20230325,소,갈비,1등급,korea,6778,6778,6778
20230325,돼지,앞다리,앞다리,korea,1259,1259,1259
20230325,돼지,삼겹살,삼겹살,korea,2224,2224,2224
20230325,돼지,갈비,갈비,korea,1307,1307,1307
20230325,돼지,목심,목심,korea,2027,2027,2027
20230325,수입 소고기,갈비,미국산,income,3760,3760,3760
20230325,수입 소고기,갈비,호주산,income,3915,3915,3915
20230325,수입 소고기,갈비살,미국산,income,4455,4455,4455
20230325,수입 돼지고기,삼겹살,삼겹살,income,1475,1475,1475
20230325,닭,육계(kg),육계(kg),korea,6080,6080,6080
20230325,계란,특란10구,일반란,korea,3718,3718,3718
20230325,계란,특란30구,일반란,korea,6307,6307,6307
20230325,우유,흰우유,흰우유,korea,2887,2887,2887
20230326,소,안심,1++등급,korea,14051,14051,14051
20230326,소,안심,1+등급,korea,13087,13087,13087
20230326,소,안심,1등급,korea,12012,12012,12012
20230326,소,등심,1++등급,korea,12078,12078,12078
20230326,소,등심,1+등급,korea,10458,10458,10458
20230326,소,등심,1등급,korea,9168,9168,9168
20230326,소,설도,1++등급,korea,4505,4505,4505
20230326,소,설도,1+등급,korea,4205,4205,4205
20230326,소,설도,1등급,korea,4019,4019,4019
20230326,소,양지,1++등급,korea,6110,6110,6110
20230326,소,양지,1+등급,korea,5556,5556,5556
20230326,소,양지,1등급,korea,5396,5396,5396
20230326,소,갈비,1++등급,korea,8735,8735,8735
20230326,소,갈비,1+등급,korea,7330,7330,7330
20230326,소,갈비,1등급,korea,6775,6775,6775
20230326,돼지,앞다리,앞다리,korea,1259,1259,1259
20230326,돼지,삼겹살,삼겹살,korea,2224,2224,2224
20230326,돼지,갈비,갈비,korea,1307,1307,1307
20230326,돼지,목심,목심,korea,2028,2028,2028
20230326,수입 소고기,갈비,미국산,income,3760,3760,3760
20230326,수입 소고기,갈비,호주산,income,3915,3915,3915
20230326,수입 소고기,갈비살,미국산,income,4455,4455,4455
20230326,수입 돼지고기,삼겹살,삼겹살,income,1461,1461,1461
20230326,닭,육계(kg),육계(kg),korea,6080,6080,6080
20230326,계란,특란10구,일반란,korea,3718,3718,3718
20230326,계란,특란30구,일반란,korea,6317,6317,6317
20230326,우유,흰우유,흰우유,korea,2891,2891,2891
20230327,소,안심,1++등급,korea,14051,14051,14051
20230327,소,안심,1+등급,korea,13080,13080,13080
20230327,소,안심,1등급,korea,12159,12159,12159
20230327,소,등심,1++등급,korea,13295,13295,13295
20230327,소,등심,1+등급,korea,10452,10452,10452
20230327,소,등심,1등급,korea,8796,8796,8796
20230327,소,설도,1++등급,korea,4792,4792,4792
20230327,소,설도,1+등급,korea,4210,4210,4210
20230327,소,설도,1등급,korea,4009,4009,4009
20230327,소,양지,1++등급,korea,6106,6106,6106
20230327,소,양지,1+등급,korea,5555,5555,5555
20230327,소,양지,1등급,korea,5222,5222,5222
20230327,소,갈비,1++등급,korea,8742,8742,8742
20230327,소,갈비,1+등급,korea,7343,7343,7343
20230327,소,갈비,1등급,korea,6757,6757,6757
20230327,돼지,앞다리,앞다리,korea,1251,1251,1251
20230327,돼지,삼겹살,삼겹살,korea,2256,2256,2256
20230327,돼지,갈비,갈비,korea,1288,1288,1288
20230327,돼지,목심,목심,korea,2055,2055,2055
20230327,수입 소고기,갈비,미국산,income,3767,3767,3767
20230327,수입 소고기,갈비,호주산,income,3997,3997,3997
20230327,수입 소고기,갈비살,미국산,income,4502,4502,4502
20230327,수입 돼지고기,삼겹살,삼겹살,income,1458,1458,1458
20230327,닭,육계(kg),육계(kg),korea,6105,6105,6105
20230327,계란,특란10구,일반란,korea,3718,3718,3718
20230327,계란,특란30구,일반란,korea,6317,6317,6317
20230327,우유,흰우유,흰우유,korea,2891,2891,2891
20230328,소,안심,1++등급,korea,14044,14044,14044
20230328,소,안심,1+등급,korea,13070,13070,13070
20230328,소,안심,1등급,korea,12149,12149,12149
20230328,소,등심,1++등급,korea,13268,13268,13268
20230328,소,등심,1+등급,korea,10444,10444,10444
20230328,소,등심,1등급,korea,8800,8800,8800
20230328,소,설도,1++등급,korea,4792,4792,4792
20230328,소,설도,1+등급,korea,4216,4216,4216
20230328,소,설도,1등급,korea,4012,4012,4012
20230328,소,양지,1++등급,korea,6115,6115,6115
20230328,소,양지,1+등급,korea,5549,5549,5549
20230328,소,양지,1등급,korea,5225,5225,5225
20230328,소,갈비,1++등급,korea,8763,8763,8763
20230328,소,갈비,1+등급,korea,7343,7343,7343
20230328,소,갈비,1등급,korea,6757,6757,6757
20230328,돼지,앞다리,앞다리,korea,1251,1251,1251
20230328,돼지,삼겹살,삼겹살,korea,2256,2256,2256
20230328,돼지,갈비,갈비,korea,1287,1287,1287
20230328,돼지,목심,목심,korea,2058,2058,2058
20230328,수입 소고기,갈비,미국산,income,3767,3767,3767
20230328,수입 소고기,갈비,호주산,income,3997,3997,3997
20230328,수입 소고기,갈비살,미국산,income,4519,4519,4519
20230328,수입 돼지고기,삼겹살,삼겹살,income,1461,1461,1461
20230328,닭,육계(kg),육계(kg),korea,6105,6105,6105
20230328,계란,특란10구,일반란,korea,3718,3718,3718
20230328,계란,특란30구,일반란,korea,6317,6317,6317
20230328,우유,흰우유,흰우유,korea,2891,2891,2891
20230329,소,안심,1++등급,korea,14054,14054,14054
20230329,소,안심,1+등급,korea,13068,13068,13068
20230329,소,안심,1등급,korea,12153,12153,12153
20230329,소,등심,1++등급,korea,13263,13263,13263
20230329,소,등심,1+등급,korea,10435,10435,10435
20230329,소,등심,1등급,korea,8804,8804,8804
20230329,소,설도,1++등급,korea,4791,4791,4791
20230329,소,설도,1+등급,korea,4215,4215,4215
20230329,소,설도,1등급,korea,4021,4021,4021
20230329,소,양지,1++등급,korea,6105,6105,6105
20230329,소,양지,1+등급,korea,5549,5549,5549
20230329,소,양지,1등급,korea,5227,5227,5227
20230329,소,갈비,1++등급,korea,8718,8718,8718
20230329,소,갈비,1+등급,korea,7320,7320,7320
20230329,소,갈비,1등급,korea,6754,6754,6754
20230329,돼지,앞다리,앞다리,korea,1252,1252,1252
20230329,돼지,삼겹살,삼겹살,korea,2257,2257,2257
20230329,돼지,갈비,갈비,korea,1288,1288,1288
20230329,돼지,목심,목심,korea,2057,2057,2057
20230329,수입 소고기,갈비,미국산,income,3767,3767,3767
20230329,수입 소고기,갈비,호주산,income,3997,3997,3997
20230329,수입 소고기,갈비살,미국산,income,4519,4519,4519
20230329,수입 돼지고기,삼겹살,삼겹살,income,1460,1460,1460
20230329,닭,육계(kg),육계(kg),korea,6071,6071,6071
20230329,계란,특란10구,일반란,korea,3718,3718,3718
20230329,계란,특란30구,일반란,korea,6317,6317,6317
20230329,우유,흰우유,흰우유,korea,2891,2891,2891

